#{"t_start": 1627431878.5320451, "env_id": "SlimeVolleyNoFrameskip-v0"}
r,l,t
-5,621,31.21841
-5,633,53.459215
-5,515,71.316061
-5,546,92.963577
-5,402,106.961755
-5,678,130.111639
-5,433,145.817804
-5,736,175.109479
-5,535,194.132557
-5,488,210.624325
-5,445,225.357356
-5,556,243.346114
-5,498,260.946348
-4,612,282.286335
-5,561,303.378377
-5,543,324.557253
-5,498,340.991297
-5,538,359.796183
-5,685,384.323073
-5,730,412.446204
-5,478,431.167369
-4,577,454.053278
-5,460,471.852402
-5,611,494.599656
-5,652,516.825363
-5,536,534.697501
-5,489,552.850311
-5,507,569.473886
-5,592,588.79267
-5,644,610.024809
-5,490,628.033067
-5,544,647.648158
-5,488,664.529479
-5,759,689.407007
-5,580,707.47769
-5,430,720.564103
-5,438,733.677799
-5,465,747.53709
-5,474,762.270526
-5,529,778.519306
-5,533,795.275448
-5,496,810.485317
-5,477,825.066837
-5,507,840.279294
-5,701,861.666274
-5,623,880.679564
-5,534,897.17604
-5,612,915.868174
-5,551,933.644813
-5,485,948.753794
-4,658,969.623731
-5,596,988.163142
-5,655,1008.131147
-5,439,1023.589981
-5,454,1039.355403
-5,524,1057.463536
-5,499,1074.433439
-5,649,1096.607527
-4,524,1112.481553
-5,538,1129.995172
-5,524,1146.173007
-5,505,1161.704304
-5,552,1179.455857
-5,635,1200.483415
-4,588,1220.338574
-5,511,1236.938607
-5,557,1255.241558
-5,569,1273.913306
-5,612,1294.994885
-5,626,1314.297268
-5,611,1333.331058
-5,753,1356.285618
-5,662,1377.029834
-5,495,1393.585164
-5,577,1411.97982
-5,485,1429.449123
-5,489,1445.833915
-5,431,1461.886696
-5,477,1479.083273
-5,535,1498.943122
-5,616,1519.37626
-5,594,1539.869832
-5,452,1555.1652
-5,426,1569.723574
-5,660,1592.565624
-5,461,1607.88949
-5,530,1625.78971
-5,528,1643.638648
-5,522,1661.246139
-5,521,1678.869443
-5,636,1701.238264
-4,651,1722.617862
-5,467,1738.377442
-5,556,1756.526551
-4,631,1776.097329
-3,743,1799.402653
-5,651,1819.466776
-5,501,1834.905991
-5,432,1848.284875
-5,424,1862.057264
-5,636,1882.100924
-4,695,1903.504634
-5,570,1920.939694
-5,592,1939.256579
-5,725,1965.323678
-5,779,1991.555928
-5,507,2007.615069
-5,599,2025.677035
-5,498,2041.32049
-5,599,2059.511703
-4,642,2079.045267
-5,480,2093.737064
-5,508,2109.164427
-5,421,2122.074685
-5,605,2140.519606
-5,551,2157.079742
-5,459,2171.791557
-5,438,2185.244127
-5,617,2204.080668
-5,716,2225.742845
-5,598,2244.009783
-5,479,2258.905319
-5,506,2274.335245
-5,565,2291.654746
-5,501,2307.357511
-5,595,2325.61052
-5,680,2346.758175
-5,555,2363.899694
-4,542,2380.753571
-5,622,2399.969524
-5,435,2413.014023
-5,662,2433.16949
-5,625,2452.111478
-5,773,2475.410025
-5,501,2490.821882
-5,527,2507.218668
-5,573,2524.612536
-5,500,2539.840704
-5,560,2556.87607
-5,635,2576.437666
-5,448,2589.984736
-5,672,2610.173026
-5,731,2632.548584
-5,476,2647.090533
-5,629,2666.073752
-5,643,2685.835293
-5,583,2703.450805
-5,583,2721.092837
-4,630,2740.554924
-5,602,2758.592962
-5,504,2774.089205
-4,691,2794.969883
-5,687,2815.553242
-5,453,2829.259789
-5,563,2846.090888
-5,577,2863.751873
-5,488,2878.503256
-5,463,2892.351404
-5,548,2909.495757
-5,615,2927.713015
-5,619,2946.429765
-5,484,2960.965881
-5,540,2977.588881
-5,767,3001.075354
-5,480,3015.757012
-5,558,3032.819258
-5,541,3048.994944
-5,652,3068.751803
-5,951,3097.602081
-5,480,3112.106997
-5,554,3128.911765
-4,846,3154.942839
-5,407,3167.151569
-5,489,3181.766856
-5,517,3199.270125
-5,584,3217.941741
-5,530,3234.799943
-5,466,3249.203278
-5,486,3263.838552
-5,706,3285.681779
-5,493,3301.684003
-5,551,3318.666548
-5,554,3335.775101
-5,625,3356.491868
-5,481,3371.798332
-5,427,3384.946237
-5,569,3404.808288
-4,549,3423.077629
-5,559,3440.465512
-5,415,3453.152187
-5,409,3465.545833
-5,647,3484.939171
-5,628,3507.888893
-5,491,3530.587638
-5,496,3550.927099
-5,500,3567.975568
-5,634,3589.534405
-5,604,3611.812617
-5,456,3626.30903
-5,461,3642.702435
-5,510,3661.602875
-5,588,3684.451819
-5,595,3706.228082
-5,648,3730.254073
-5,399,3746.164577
-5,540,3767.568845
-5,629,3790.538677
-5,488,3809.172626
-5,502,3829.125705
-5,732,3861.32179
-5,976,3896.91566
-5,440,3919.253269
-5,556,3944.416255
-5,566,3965.840084
-5,476,3984.635872
-5,474,4004.708018
-5,516,4024.468371
-5,626,4048.140911
-5,895,4078.644553
-5,379,4091.955781
-4,664,4115.152997
-5,548,4136.647994
-5,505,4165.230711
-5,526,4187.206752
-5,595,4213.45915
-5,486,4231.646985
-5,487,4248.905993
-5,516,4266.571816
-5,567,4288.974733
-5,531,4308.734271
-5,519,4327.856763
-5,461,4344.948778
-5,690,4368.684266
-5,545,4388.085965
-4,619,4410.819165
-4,780,4439.089724
-5,608,4461.152802
-2,849,4490.771965
-5,445,4506.119428
-5,670,4529.733494
-5,632,4551.284017
-5,483,4568.014314
-5,448,4583.46264
-3,792,4611.039503
-5,503,4628.46576
-5,610,4649.95802
-4,644,4672.418314
-5,621,4693.715845
-5,528,4712.113097
-5,628,4734.516098
-5,668,4757.837128
-5,575,4778.650195
-5,469,4795.258237
-5,671,4818.560982
-5,609,4839.646445
-5,487,4856.745538
-5,681,4881.346596
-5,584,4902.75759
-5,642,4925.867201
-5,519,4943.839542
-5,575,4964.577973
-5,450,4981.060496
-5,635,5003.423195
-4,583,5023.238308
-5,800,5060.485394
-5,615,5090.505232
-5,413,5108.624544
-5,601,5135.531128
-5,532,5154.986803
-5,563,5179.782063
-3,790,5210.224962
-5,574,5235.325872
-5,460,5254.955102
-5,633,5282.441053
-5,450,5301.111232
-5,564,5325.530264
-4,737,5358.325159
-5,600,5382.608168
-5,552,5401.430926
-5,455,5417.011149
-5,549,5438.732416
-5,494,5458.901813
-5,493,5482.622125
-5,680,5511.781276
-5,570,5535.863515
-5,495,5554.281221
-5,511,5572.840562
-5,441,5589.32487
-5,440,5605.676503
-5,592,5626.806848
-5,563,5647.255216
-5,725,5678.071933
-5,614,5701.24362
-5,497,5721.913631
-5,675,5746.343968
-5,546,5765.243053
-5,448,5780.554958
-5,475,5798.60118
-5,625,5823.278555
-5,608,5844.4555
-5,654,5868.145124
-4,554,5888.273624
-5,634,5910.494946
-4,670,5936.288702
-5,620,5967.308277
-4,722,5997.239808
-5,551,6019.522458
-5,572,6041.079165
-5,584,6062.426773
-5,464,6080.676094
-5,570,6101.814376
-5,743,6132.758298
-4,847,6167.505305
-5,459,6186.908772
-5,498,6205.093214
-5,479,6223.0858
-4,690,6252.010992
-5,438,6269.534933
-4,657,6294.411312
-5,453,6311.216307
-4,678,6336.603538
-4,755,6365.340001
-5,526,6385.031824
-4,799,6414.198194
-5,587,6437.016713
-5,483,6456.649104
-5,495,6476.475586
-4,687,6503.968782
-5,526,6524.525759
-5,555,6546.64803
-5,611,6571.120293
-5,593,6594.204182
-5,460,6611.347781
-5,589,6634.673899
-5,585,6656.068406
-5,777,6682.84207
-4,938,6715.931094
-5,438,6730.997318
-5,557,6750.169034
-5,468,6766.249679
-5,493,6782.976215
-5,668,6805.666155
-5,499,6822.969213
-5,629,6847.082672
-5,646,6884.529663
-5,511,6911.889198
-4,788,6955.126461
-4,657,6988.870955
-5,471,7011.798098
-5,683,7044.708006
-5,620,7075.692425
-4,571,7103.726956
-5,511,7128.032838
-5,450,7149.824088
-5,550,7177.430591
-5,551,7199.874728
-5,525,7225.254153
-5,467,7248.178499
-4,820,7288.00653
-5,644,7319.366802
-5,651,7351.997924
-5,684,7376.44928
-5,578,7397.872246
-4,865,7430.344856
-5,504,7450.826163
-5,699,7476.702801
-5,473,7495.003082
-5,464,7512.223262
-5,593,7534.804339
-5,622,7560.282666
-5,728,7585.542991
-4,590,7609.044322
-5,525,7626.77379
-5,380,7640.720811
-5,431,7656.674063
-5,460,7676.39313
-5,566,7703.941598
-5,640,7728.96045
-5,546,7749.954002
-5,544,7769.081011
-5,655,7793.600075
-5,680,7818.79201
-5,549,7838.304965
-5,454,7854.313779
-5,608,7876.150299
-5,623,7898.059461
-5,507,7915.342658
-4,870,7946.136245
-5,460,7962.905694
-5,679,7987.427379
-5,476,8005.846918
-5,461,8022.378513
-5,542,8041.018856
-5,526,8059.907641
-5,472,8079.843368
-5,558,8101.084817
-5,522,8120.042813
-5,575,8140.611838
-5,518,8158.638844
-5,482,8175.694373
-3,866,8208.082645
-5,596,8229.831449
-5,527,8248.723739
-5,626,8271.747685
-5,507,8289.907809
-4,587,8311.298198
-5,563,8330.860692
-5,519,8348.465925
-5,526,8366.298475
-5,602,8387.231533
-5,544,8405.963865
-5,481,8422.28926
-5,497,8439.487203
-5,535,8457.75993
-5,651,8480.121167
-5,567,8500.650294
-5,496,8518.723093
-5,518,8537.646614
-4,718,8563.796722
-5,539,8582.929064
-5,523,8603.958414
-5,605,8628.497044
-5,644,8655.350185
-5,587,8682.00305
-5,498,8706.201378
-4,847,8737.608461
-5,449,8755.728273
-4,835,8789.883455
-5,704,8817.88464
-5,470,8836.689996
-5,711,8868.794012
-4,735,8900.668082
-4,597,8923.737755
-5,710,8950.529932
-5,494,8968.161593
-5,665,8982.960125
-5,501,8992.157687
-5,556,9003.482799
-5,510,9013.156276
-5,426,9020.739866
-5,700,9033.464255
-5,708,9045.902378
-4,610,9056.579477
-5,704,9068.855986
-4,619,9080.078377
-5,404,9087.302608
-5,538,9096.990982
-5,748,9110.465935
-5,675,9122.94718
-5,580,9133.505148
-5,522,9142.708229
-5,495,9151.283841
-4,966,9167.956851
-4,753,9181.518783
-5,533,9191.20923
-4,589,9201.596459
-5,415,9208.922085
-5,572,9218.865229
-5,582,9229.82656
-5,448,9237.273491
-4,688,9249.449121
-5,650,9260.526562
-5,544,9270.288123
-5,700,9283.158693
-4,521,9292.034468
-5,456,9300.104635
-5,741,9312.855836
-5,561,9322.141731
-5,438,9330.358253
-5,520,9340.298639
-5,544,9351.328434
-5,556,9360.672588
-5,489,9369.178152
-5,445,9376.550271
-5,510,9385.082963
-5,641,9395.886511
-5,655,9406.765087
-5,533,9415.683556
-5,657,9426.761775
-4,890,9441.724192
-5,461,9449.664832
-5,531,9458.752444
-3,774,9472.585566
-5,428,9480.583112
-5,509,9489.36728
-4,650,9500.886838
-5,395,9507.908073
-5,410,9514.897308
-5,569,9524.877292
-5,469,9533.060816
-5,815,9547.492358
-5,423,9554.883103
-5,544,9564.486676
-5,512,9573.35963
-5,684,9585.233227
-5,544,9594.683795
-5,480,9603.272956
-5,458,9611.278263
-4,684,9623.924431
-5,585,9635.833421
-5,621,9647.345026
-5,519,9656.32415
-5,522,9665.420143
-5,502,9674.255401
-4,767,9687.349409
-5,603,9697.32529
-5,603,9707.176353
-5,543,9715.946644
-5,444,9723.34714
-5,774,9736.714055
-5,632,9748.018574
-5,411,9755.135043
-5,549,9764.363559
-5,720,9778.947099
-5,442,9786.94998
-5,500,9795.610874
-5,700,9808.183784
-5,594,9818.067476
-5,538,9827.288307
-5,538,9836.419678
-5,554,9846.436533
-5,504,9855.595165
-5,739,9869.019588
-5,564,9879.178197
-5,528,9888.007185
-5,564,9897.646127
-5,590,9907.44571
-5,545,9916.457972
-4,610,9926.757818
-5,562,9936.0554
-5,454,9943.604521
-5,653,9954.335385
-5,581,9963.937144
-5,531,9972.845527
-5,464,9981.285112
-5,654,9993.742693
-4,634,10007.083437
-5,445,10014.618834
-5,430,10022.455425
-5,566,10033.430082
-5,614,10046.069916
-5,588,10056.622484
-5,912,10073.347937
-5,593,10084.599865
-5,625,10095.709833
-5,530,10106.175206
-5,656,10119.972272
-4,615,10131.884325
-5,544,10141.708153
-4,553,10151.105908
-5,538,10160.788839
-5,582,10171.839445
-5,437,10179.985291
-5,456,10188.056888
-5,469,10196.553433
-5,605,10207.577785
-4,780,10222.350234
-5,541,10232.539527
-5,508,10242.336938
-5,776,10256.381124
-5,673,10268.515211
-5,437,10276.497825
-5,655,10288.627818
-5,594,10301.778072
-5,459,10310.703365
-5,461,10319.596952
-2,855,10338.242143
-5,428,10347.865372
-5,689,10360.39576
-3,974,10378.719529
-5,570,10389.115656
-5,493,10397.378929
-5,756,10412.474886
-5,561,10425.866339
-5,621,10436.708577
-5,572,10447.496226
-4,675,10462.161864
-5,715,10475.106663
-5,509,10484.304946
-5,632,10497.10759
-5,405,10509.263947
-5,530,10519.303523
-5,442,10530.421535
-5,464,10541.530322
-4,632,10555.065634
-5,506,10564.75313
-4,764,10579.704354
-5,508,10590.400962
-5,635,10603.07436
-5,578,10614.225518
-5,446,10623.87493
-5,557,10635.305992
-5,559,10644.790693
-5,554,10654.628193
-5,588,10665.602495
-5,627,10678.072332
-5,600,10691.585203
-5,517,10702.538589
-5,522,10713.419856
-5,517,10723.477259
-5,430,10731.721494
-5,623,10743.057941
-5,466,10751.791569
-5,522,10761.030873
-5,486,10769.740196
-5,507,10780.014911
-5,584,10791.009276
-5,424,10800.063679
-5,569,10812.468368
-4,716,10826.094231
-5,594,10836.98934
-4,557,10849.724557
-5,421,10858.467776
-5,496,10868.683129
-5,501,10880.935123
-5,579,10894.621166
-5,562,10907.745336
-5,557,10919.868306
-5,481,10932.079412
-5,535,10942.716915
-5,464,10951.920242
-5,730,10966.061735
-5,519,10977.055468
-5,446,10984.806431
-5,599,10995.137717
-5,768,11010.513786
-5,500,11020.674643
-5,642,11032.481702
-5,600,11047.720185
-5,488,11059.016236
-5,612,11072.433293
-5,484,11082.381802
-5,497,11091.307999
-5,524,11100.342965
-5,681,11112.412205
-5,542,11124.253263
-5,472,11134.050027
-5,602,11145.81011
-5,617,11160.467893
-5,468,11170.017159
-5,522,11179.226511
-4,631,11191.655656
-5,447,11202.825491
-5,412,11210.647081
-5,542,11220.315281
-5,626,11231.550064
-5,618,11242.350762
-5,462,11250.337375
-5,504,11259.470148
-5,411,11268.27569
-5,503,11280.450876
-5,583,11293.941315
-4,625,11305.163767
-5,444,11313.624609
-5,583,11328.634203
-5,746,11345.690461
-5,479,11355.429799
-5,469,11366.607796
-4,601,11380.564137
-5,658,11395.613109
-5,638,11409.992377
-5,430,11419.989497
-5,516,11432.288008
-5,514,11443.455848
-5,489,11454.795051
-5,547,11465.850794
-5,668,11478.301204
-5,503,11487.051721
-5,505,11495.767093
-5,645,11507.182595
-5,502,11515.789568
-5,493,11524.801068
-5,571,11534.691589
-5,606,11546.047849
-5,758,11561.520261
-5,723,11573.97884
-5,553,11583.593256
-5,525,11592.693865
-5,499,11602.575145
-5,516,11612.98833
-5,585,11625.567339
-4,614,11637.891062
-5,741,11651.203628
-5,555,11661.117802
-5,554,11671.076935
-5,578,11681.40842
-5,455,11689.760772
-4,664,11702.330174
-5,615,11713.238957
-4,617,11724.463444
-5,553,11734.391758
-5,583,11744.858733
-5,569,11755.070648
-5,556,11765.075976
-5,483,11773.570533
-4,578,11783.892874
-5,631,11795.049927
-5,485,11803.626945
-5,431,11811.813541
-5,661,11823.431782
-4,609,11834.282546
-5,467,11842.430542
-5,508,11853.436969
-5,521,11866.38304
-5,665,11880.456837
-5,498,11890.498035
-5,667,11905.159549
-5,481,11914.699894
-5,502,11926.546373
-5,512,11939.085352
-5,540,11950.98029
-5,473,11961.50923
-5,566,11972.076715
-5,600,11982.669311
-5,601,11993.358766
-5,517,12002.402701
-5,568,12014.342044
-4,742,12032.931983
-5,551,12044.266077
-5,380,12050.872176
-4,561,12060.502998
-5,610,12070.988665
-5,434,12078.519983
-5,658,12089.89919
-5,441,12097.317074
-5,440,12104.701705
-5,571,12116.937924
-5,633,12130.651932
-5,431,12138.139732
-5,576,12148.549647
-4,581,12159.349153
-5,730,12172.61824
-5,503,12184.813862
-5,722,12202.253229
-5,509,12214.661103
-5,526,12227.741837
-5,434,12238.215569
-5,468,12249.697865
-5,586,12263.163763
-5,792,12278.236298
-5,568,12289.123861
-5,533,12302.438338
-4,566,12316.01891
-5,536,12329.18366
-5,768,12344.487107
-5,490,12353.247776
-5,486,12362.171583
-5,564,12372.782227
-5,623,12383.7345
-5,520,12392.699509
-5,619,12403.328005
-5,489,12411.917217
-5,508,12420.477547
-5,538,12429.84352
-5,517,12438.813272
-5,770,12452.221089
-5,520,12461.114129
-5,480,12469.315697
-5,661,12480.586927
-5,533,12489.618708
-5,697,12501.293765
-5,545,12510.516036
-5,609,12520.891219
-4,730,12533.418195
-5,490,12542.47418
-5,561,12553.228707
-5,674,12565.66581
-4,813,12584.439517
-5,495,12596.358994
-5,398,12605.611372
-5,674,12622.331533
-5,476,12633.063015
-5,638,12647.983169
-5,471,12656.626003
-5,532,12668.505722
-4,671,12679.932943
-5,462,12688.541768
-5,547,12699.689823
-5,563,12712.16434
-5,573,12722.874102
-5,511,12732.99485
-5,553,12744.744258
-5,510,12754.863917
-5,1004,12775.768011
-5,559,12788.442806
-5,568,12800.288705
-5,625,12813.8954
-5,651,12827.000121
-4,629,12842.52473
-5,721,12855.478535
-5,607,12865.945356
-5,582,12876.174848
-5,556,12887.537637
-5,478,12896.300756
-5,507,12906.407113
-5,697,12919.383751
-5,498,12930.681674
-5,647,12945.575259
-5,617,12957.529636
-5,659,12971.78941
-5,663,12988.657211
-5,477,12997.853803
-5,434,13007.09124
-5,606,13022.213881
-5,593,13036.222102
-5,781,13053.400017
-5,459,13062.824968
-4,668,13076.549411
-5,509,13089.170986
-5,587,13102.998661
-5,578,13115.701741
-4,655,13129.857922
-5,640,13144.561723
-5,529,13156.797612
-5,482,13168.382523
-5,550,13181.559159
-5,523,13194.169792
-5,544,13203.824941
-5,611,13217.96844
-5,466,13227.576467
-4,597,13240.11259
-5,425,13250.533037
-5,513,13262.003435
-5,633,13277.094952
-5,433,13288.054376
-5,465,13299.455013
-5,478,13308.472664
-5,558,13321.158089
-5,605,13333.797764
-5,418,13342.554075
-5,654,13357.110505
-5,746,13373.398771
-5,631,13386.967282
-5,680,13401.899006
-4,583,13414.749358
-4,719,13427.065063
-5,408,13434.273737
-5,488,13442.919961
-5,703,13455.481298
-5,580,13468.052277
-5,541,13478.821033
-5,662,13491.712238
-5,580,13501.791221
-5,542,13511.103454
-5,661,13522.564729
-5,433,13530.012022
-5,609,13540.314836
-5,442,13547.775357
-4,618,13558.344989
-5,552,13568.039416
-5,636,13579.041799
-5,652,13590.348961
-5,522,13599.259003
-4,566,13609.162353
-5,674,13621.130189
-5,544,13630.627124
-5,638,13641.551747
-5,587,13651.785461
-5,448,13659.553143
-5,639,13670.594876
-5,518,13679.662496
-5,497,13688.401545
-5,422,13695.707798
-5,559,13705.203841
-5,743,13717.817142
-3,861,13733.951588
-5,602,13744.471101
-5,545,13753.816679
-5,423,13761.03556
-5,513,13770.339288
-5,470,13778.467832
-5,472,13786.637726
-5,561,13796.284677
-5,452,13804.32124
-5,534,13813.534795
-5,612,13823.956029
-5,534,13832.914171
-5,559,13842.265507
-5,615,13852.631064
-5,456,13860.457772
-5,430,13867.812894
-5,435,13875.162418
-4,716,13887.282032
-4,594,13897.291467
-5,1286,13919.470041
-5,614,13929.914223
-5,624,13940.506164
-5,605,13951.534547
-5,510,13960.336035
-5,724,13972.665246
-5,655,13983.653375
-5,543,13992.617146
-5,739,14005.071451
-5,466,14012.790294
-5,540,14021.925877
-5,450,14029.548568
-5,451,14037.203151
-5,493,14045.802501
-5,607,14056.974447
-5,393,14063.701814
-5,536,14072.812273
-5,557,14082.282523
-4,560,14091.899258
-5,515,14100.555257
-5,563,14110.240066
-5,638,14121.02373
-5,777,14134.403373
-5,437,14141.741904
-5,448,14149.472312
-5,541,14158.388074
-4,618,14171.536271
-5,435,14181.789833
-5,477,14192.409632
-5,669,14205.840441
-5,543,14215.508172
-5,494,14224.586606
-5,646,14236.544612
-4,722,14249.423925
-4,771,14262.663151
-5,810,14277.185535
-5,408,14284.893276
-4,685,14299.215618
-5,425,14308.860703
-5,721,14323.151953
-5,453,14333.445659
-5,560,14345.501243
-5,642,14359.269643
-5,537,14372.008343
-5,661,14385.924717
-5,506,14396.269201
-5,939,14418.827492
-5,453,14428.012714
-5,484,14440.236057
-5,579,14456.807848
-5,582,14469.101409
-5,679,14481.743914
-5,708,14500.224855
-5,593,14512.938334
-5,581,14528.215557
-4,721,14546.747495
-5,584,14561.736014
-5,459,14571.204144
-5,461,14579.920873
-5,523,14592.98691
-5,501,14606.782976
-5,580,14619.052713
-5,499,14627.874221
-5,706,14640.687839
-4,624,14651.430807
-5,509,14660.153414
-5,376,14667.20171
-4,788,14682.883772
-5,564,14694.35509
-5,593,14704.677016
-5,503,14713.434777
-5,542,14723.593817
-5,730,14738.170446
-4,635,14750.894629
-5,588,14761.587068
-5,714,14776.793789
-5,514,14786.949351
-5,692,14799.681972
-5,467,14809.137512
-5,486,14818.194566
-5,525,14830.996988
-5,602,14844.149103
-5,500,14857.65209
-5,565,14869.70874
-4,684,14883.993639
-5,596,14897.648983
-5,651,14911.04349
-5,654,14922.48157
-5,537,14935.095747
-5,407,14944.139408
-4,665,14958.236349
-5,488,14969.931056
-5,561,14981.279825
-5,461,14991.458946
-5,413,14999.43893
-5,584,15010.262404
-5,632,15021.453451
-5,632,15032.891332
-5,639,15045.4703
-5,553,15058.442351
-5,720,15072.161913
-5,551,15083.398561
-5,547,15093.027513
-5,516,15101.98527
-5,598,15112.571544
-5,565,15122.607237
-5,557,15133.26488
-5,436,15140.911014
-5,548,15150.548293
-5,662,15162.155498
-5,561,15172.112229
-5,538,15181.486456
-5,437,15189.144565
-5,548,15198.738878
-5,589,15209.052677
-5,415,15216.214265
-5,609,15226.843273
-5,463,15234.894601
-4,604,15245.616979
-5,656,15257.170674
-5,575,15267.091127
-5,508,15276.283708
-4,632,15287.359802
-4,713,15299.876853
-5,746,15312.975246
-5,511,15321.713762
-5,487,15330.347253
-5,540,15339.598106
-4,707,15351.813974
-5,511,15360.644447
-5,580,15370.564148
-5,626,15381.395164
-5,556,15391.118121
-5,519,15399.959551
-5,545,15409.457541
-5,624,15420.216628
-5,446,15428.435247
-5,537,15437.727805
-5,523,15446.800659
-5,473,15455.113843
-5,603,15465.607022
-5,448,15473.401151
-5,730,15486.129107
-5,445,15493.988811
-5,695,15505.992797
-5,501,15514.531316
-5,581,15524.480098
-5,584,15534.543077
-5,500,15543.115336
-5,902,15558.506759
-5,496,15576.12709
-5,650,15589.350244
-5,529,15598.423113
-4,838,15612.748614
-5,551,15622.040474
-5,530,15630.862645
-5,694,15642.140888
-5,533,15651.240267
-5,638,15662.260554
-4,708,15674.892713
-5,479,15684.251787
-5,522,15693.51
-5,734,15705.616012
-5,491,15713.678651
-5,510,15722.135358
-5,634,15733.467573
-5,394,15740.656267
-5,597,15750.64116
-5,521,15759.272119
-3,811,15772.764791
-5,626,15783.29946
-4,661,15794.493152
-5,627,15804.99428
-5,516,15813.394074
-5,515,15822.015068
-5,542,15830.930902
-5,417,15838.072406
-5,432,15845.845409
-5,614,15857.340394
-5,596,15868.285135
-5,588,15881.146702
-5,604,15893.425156
-5,934,15910.543892
-5,511,15919.548165
-4,735,15932.445555
-5,426,15940.954433
-5,501,15949.741797
-5,497,15958.321644
-5,488,15966.920797
-5,582,15976.992568
-5,569,15987.216279
-5,449,15995.202778
-5,629,16005.918801
-5,596,16016.371251
-5,498,16025.20347
-5,623,16035.898989
-5,482,16044.433774
-4,652,16055.635013
-5,533,16065.006447
-5,593,16075.354723
-5,673,16087.155091
-5,535,16096.546123
-5,507,16106.541511
-5,480,16116.187545
-5,542,16125.596808
-5,687,16137.602604
-5,623,16148.330362
-5,568,16158.454711
-5,548,16168.059681
-5,421,16175.618371
-5,545,16185.185751
-5,596,16195.775548
-5,660,16207.342271
-5,440,16215.117075
-5,519,16224.313399
-5,483,16232.77703
-5,609,16243.814472
-5,642,16255.142287
-5,697,16267.444638
-5,529,16276.832715
-5,542,16286.403373
-5,502,16295.44377
-5,465,16303.587142
-5,571,16313.683244
-5,483,16322.186027
-5,497,16331.080885
-5,470,16339.385577
-5,465,16347.799496
-5,580,16358.034062
-4,626,16369.154308
-5,576,16379.190641
-5,714,16391.814276
-5,652,16403.407439
-5,563,16413.354821
-5,656,16424.90034
-5,480,16433.583344
-5,559,16443.697909
-4,563,16453.581098
-5,499,16462.421761
-5,458,16470.608661
-5,469,16479.008537
-5,433,16486.729243
-5,792,16500.669358
-5,518,16509.790242
-5,497,16518.839098
-5,512,16527.798167
-5,479,16536.265181
-5,480,16544.857612
-5,450,16552.716235
-4,534,16562.296649
-5,455,16570.432981
-5,503,16579.302856
-5,779,16593.143743
-5,552,16602.899275
-5,557,16612.68174
-5,747,16625.822586
-5,743,16639.028406
-5,525,16648.382756
-5,502,16657.337826
-5,507,16666.397156
-5,591,16676.829863
-5,652,16688.371038
-5,483,16696.803583
-5,597,16707.30396
-5,673,16719.428567
-5,446,16727.250726
-5,531,16736.756231
-5,528,16745.955377
-5,553,16755.717633
-5,622,16766.719825
-5,635,16778.026969
-5,604,16788.754454
-5,516,16797.786599
-5,710,16810.575211
-5,556,16820.526187
-5,580,16830.639078
-5,461,16838.786122
-5,441,16846.476852
-5,508,16855.248758
-5,501,16864.242009
-5,544,16874.034292
-5,612,16884.776252
-5,418,16892.136105
-5,707,16904.48578
-5,544,16913.906377
-5,500,16922.940588
-5,524,16932.300437
-5,533,16941.859754
-5,539,16951.63377
-5,570,16961.908466
-4,713,16974.369517
-5,461,16982.614689
-5,451,16990.84911
-5,536,17000.596552
-5,730,17013.390354
-5,508,17022.670456
-5,544,17032.345237
-5,499,17041.545503
-5,510,17050.728136
-5,412,17057.953784
-5,625,17069.158507
-5,481,17078.027437
-5,453,17085.889621
-4,613,17096.863783
-5,667,17108.805682
-5,552,17118.766756
-5,530,17127.970645
-5,585,17138.387115
-5,402,17145.340433
-5,524,17154.850483
-4,606,17165.768529
-5,546,17175.355177
-5,511,17184.694834
-5,522,17194.114585
-4,583,17204.490357
-4,702,17217.371524
-5,531,17228.332958
-5,563,17238.397225
-5,401,17245.16775
-5,635,17256.497916
-5,575,17266.632972
-4,744,17279.839551
-5,436,17287.645594
-5,539,17297.418028
-5,508,17306.34043
-5,486,17314.865062
-5,655,17326.273001
-5,683,17338.41484
-5,545,17348.15524
-4,638,17359.62765
-5,482,17368.175947
-3,679,17380.341006
-5,518,17389.638079
-5,512,17398.702079
-5,605,17409.728801
-5,573,17419.920801
-5,504,17428.873479
-5,537,17438.562733
-5,510,17447.534093
-5,507,17456.582938
-5,482,17465.038229
-5,586,17475.51794
-5,474,17483.731874
-5,532,17493.452536
-5,614,17504.370286
-5,589,17514.365875
-5,445,17522.481434
-5,521,17531.94103
-5,518,17541.199911
-4,699,17553.495622
-4,534,17562.771249
-5,494,17571.390042
-5,502,17580.396803
-5,454,17588.505615
-5,517,17597.363546
-5,654,17609.250371
-5,707,17621.405444
-5,422,17628.664941
-5,519,17637.947592
-5,481,17646.851173
-5,615,17657.793943
-5,563,17667.713597
-5,471,17675.938318
-4,655,17687.580215
-5,508,17696.563523
-5,716,17709.838012
-5,540,17719.686404
-5,643,17731.237308
-4,643,17742.695435
-5,497,17751.70724
-5,493,17760.637426
-5,756,17773.96987
-5,554,17783.844319
-5,716,17796.75947
-5,465,17805.165782
-5,541,17815.087748
-5,622,17826.198285
-5,564,17836.293207
-5,693,17849.067439
-5,559,17858.950109
-5,573,17869.238653
-5,523,17878.532239
-5,429,17886.004099
-5,556,17895.998825
-5,564,17906.159095
-5,589,17916.634938
-5,606,17927.36024
-4,551,17936.988275
-5,443,17945.123502
-5,546,17954.770427
-5,456,17963.223077
-5,568,17973.704299
-5,451,17982.016443
-4,748,17994.657222
-5,513,18004.202569
-5,423,18011.77839
-5,490,18020.346318
-5,458,18028.659658
-5,506,18037.991677
-5,583,18048.528893
-5,543,18058.312371
-5,485,18067.209609
-5,512,18076.568895
-5,523,18085.995666
-5,576,18096.353999
-5,474,18104.741442
-5,658,18116.539191
-5,529,18126.131515
-5,884,18142.178273
-5,747,18155.624006
-5,563,18165.671324
-5,542,18175.297943
-5,524,18184.594407
-5,399,18191.704015
-4,1061,18210.646799
-5,392,18217.873729
-5,511,18227.173139
-5,514,18236.458318
-5,582,18246.772853
-5,567,18256.979464
-4,671,18268.92642
-5,452,18277.045316
-5,471,18285.167972
-5,698,18297.641737
-5,685,18310.22607
-5,705,18322.894127
-5,876,18338.441667
-5,586,18348.921357
-5,629,18360.139329
-2,839,18374.869699
-5,630,18386.210294
-5,561,18396.286191
-5,795,18410.535189
-5,481,18419.244895
-4,677,18431.541113
-5,746,18445.131121
-5,626,18456.580091
-5,554,18466.575151
-5,609,18477.829206
-5,563,18488.192337
-5,516,18497.517034
-5,562,18507.495831
-5,499,18516.500589
-5,627,18527.562971
-5,673,18539.200864
-4,605,18549.982536
-5,755,18563.187064
-5,457,18571.272622
-5,396,18578.60579
-5,571,18588.852793
-5,455,18596.893207
-5,520,18606.507212
-5,702,18619.171091
-5,484,18627.871854
-5,701,18640.599254
-5,533,18650.268413
-5,522,18660.045129
-5,502,18669.053465
-5,503,18678.259583
-5,539,18688.303648
-5,570,18698.61745
-5,499,18707.866201
-5,512,18717.030642
-4,494,18725.953994
-4,662,18737.893163
-2,716,18750.957909
-5,482,18759.560658
-5,485,18768.387939
-5,459,18776.973008
-5,757,18790.644361
-5,482,18799.462705
-4,686,18811.770376
-5,430,18819.687126
-5,574,18830.118631
-5,480,18838.865284
-5,399,18846.115953
-4,628,18857.471835
-5,501,18866.822185
-5,479,18875.373013
-5,443,18883.189008
-5,646,18894.826114
-4,673,18906.926337
-5,517,18915.883553
-5,519,18925.140123
-5,471,18933.792883
-5,491,18942.397676
-5,557,18952.667693
-5,561,18963.10571
-5,649,18974.921512
-5,574,18985.550068
-5,620,18996.738509
-5,519,19006.14834
-5,577,19016.858718
-5,634,19028.290894
-5,608,19039.271068
-5,500,19048.172785
-5,610,19059.468633
-5,478,19068.210719
-5,424,19076.166691
-4,716,19089.841373
-5,534,19099.80458
-4,630,19111.697925
-5,607,19123.225347
-5,511,19132.964456
-5,448,19141.309742
-5,554,19151.973846
-5,591,19163.171709
-5,420,19171.016909
-5,829,19186.527004
-5,529,19196.754384
-5,580,19207.602507
-5,639,19219.441925
-5,476,19228.25958
-5,570,19239.102984
-5,605,19250.545339
-4,570,19261.514381
-5,553,19271.782551
-5,450,19280.279862
-5,469,19289.14814
-5,440,19297.50193
-5,601,19308.644298
-5,578,19319.043226
-5,530,19328.706198
-5,577,19339.617508
-5,476,19348.515908
-5,516,19357.940716
-5,560,19368.259162
-5,728,19381.940418
-5,500,19391.245842
-5,535,19401.25465
-5,495,19410.42513
-5,755,19424.667961
-5,658,19436.983948
-5,622,19448.540009
-4,677,19461.381773
-5,650,19473.500988
-4,733,19487.344746
-5,552,19497.493954
-4,879,19513.608954
-5,571,19524.39141
-5,492,19533.633138
-5,474,19542.533006
-5,576,19553.389591
-5,612,19564.675761
-5,768,19579.091265
-5,513,19588.698779
-5,552,19599.375278
-5,472,19608.094029
-5,773,19622.285912
-5,580,19633.199816
-5,653,19645.34185
-5,538,19655.636019
-5,481,19664.563572
-5,444,19672.716917
-5,519,19682.188028
-5,515,19692.013562
-5,576,19702.753083
-5,624,19714.391405
-5,743,19728.30894
-5,645,19740.381916
-5,578,19749.851311
-5,503,19758.136553
-5,562,19768.821184
-4,569,19779.503864
-5,525,19789.074862
-5,574,19799.905001
-5,553,19810.104954
-5,735,19824.207932
-5,612,19835.944955
-5,476,19844.791627
-5,489,19853.750912
-5,586,19864.739352
-5,634,19876.30396
-5,470,19884.89683
-5,382,19892.121305
-4,652,19904.309846
-5,654,19916.817791
-5,506,19926.25229
-5,492,19935.351015
-5,573,19946.026626
-5,545,19956.1441
-5,469,19965.011427
-5,514,19974.581121
-5,426,19982.664794
-5,582,19993.521619
-4,569,20004.394738
-5,565,20014.900707
-4,640,20026.884567
-5,892,20043.56953
-5,383,20050.647707
-5,698,20063.74466
-5,609,20075.196679
-5,534,20085.285243
-5,505,20094.780318
-5,502,20104.109811
-5,599,20115.27847
-5,491,20124.551914
-5,433,20132.664626
-5,597,20143.858683
-5,526,20153.605506
-5,648,20165.997861
-5,690,20178.798134
-5,738,20192.753515
-5,495,20202.144501
-5,626,20213.716058
-5,532,20223.391784
-5,512,20232.975875
-5,518,20242.704416
-5,448,20251.185104
-5,545,20261.551578
-4,758,20275.711709
-5,475,20284.597168
-5,421,20292.647342
-5,522,20302.426327
-5,526,20312.378014
-5,652,20324.76744
-5,655,20337.126256
-5,719,20350.71591
-5,432,20358.811849
-5,643,20370.907841
-5,586,20381.876516
-5,506,20391.113327
-5,585,20402.064674
-5,488,20411.211336
-5,453,20419.83411
-5,554,20430.214538
-4,774,20445.018918
-5,491,20454.139939
-5,546,20464.253063
-5,486,20473.339055
-5,546,20483.77638
-5,630,20495.384271
-5,591,20506.341873
-5,459,20514.814759
-5,619,20526.383023
-5,756,20540.445636
-5,670,20553.142596
-5,571,20563.775984
-4,655,20576.014661
-5,775,20590.337944
-4,657,20602.520306
-5,536,20612.690236
-5,552,20622.973441
-5,789,20637.882923
-5,490,20647.161155
-5,756,20661.548518
-5,502,20671.019486
-5,533,20680.977861
-5,511,20690.561027
-5,684,20703.334873
-5,449,20711.485011
-5,788,20726.255267
-5,560,20736.632334
-5,625,20748.409932
-5,555,20758.760624
-5,917,20776.014791
-5,488,20785.398788
-5,599,20796.785075
-5,545,20807.131598
-5,773,20821.633491
-5,788,20836.290895
-5,571,20846.937183
-5,535,20857.212567
-5,602,20868.46309
-5,727,20882.290197
-5,449,20890.773673
-5,693,20904.030826
-5,660,20916.525957
-5,606,20927.800604
-5,538,20937.772429
-5,757,20951.802056
-5,442,20960.066109
-5,548,20970.419768
-5,497,20979.611578
-5,809,20994.851949
-5,391,21002.187632
-5,499,21011.471415
-5,736,21025.299104
-5,479,21034.251615
-5,465,21043.023665
-5,1066,21062.879331
-5,482,21072.009083
-5,605,21083.412719
-5,623,21095.069232
-5,509,21104.479892
-5,654,21116.619836
-4,850,21132.11633
-5,752,21146.539682
-5,623,21158.339142
-5,607,21169.948766
-5,678,21182.641332
-5,485,21191.859159
-5,740,21205.831691
-5,555,21216.270657
-5,451,21224.787446
-5,450,21233.195841
-5,440,21241.369432
-5,631,21253.253839
-5,680,21266.003983
-5,568,21276.414519
-5,462,21284.998158
-5,451,21293.345783
-5,630,21305.03687
-4,598,21316.285698
-5,460,21324.876107
-4,1055,21344.585855
-5,508,21354.281972
-5,606,21365.533048
-5,452,21373.793273
-5,610,21385.315204
-5,552,21395.439433
-4,655,21407.663928
-5,800,21422.600922
-5,427,21430.593009
-4,684,21443.054586
-4,818,21458.419107
-4,937,21475.594208
-5,448,21484.072064
-5,589,21495.178008
-5,686,21508.131486
-5,485,21517.238546
-5,583,21527.971056
-3,698,21541.162119
-3,742,21554.952773
-5,788,21569.706487
-5,619,21581.130481
-5,788,21595.420089
-5,466,21604.302339
-5,520,21613.89916
-4,827,21629.564234
-5,609,21641.353788
-5,547,21651.506044
-5,643,21663.451229
-4,583,21674.446461
-5,541,21684.619067
-5,539,21694.743691
-5,735,21708.521423
-5,593,21719.687869
-5,526,21729.774733
-5,593,21740.981966
-5,423,21748.77791
-5,748,21762.817148
-5,499,21772.325601
-5,584,21783.033927
-4,841,21798.921499
-5,569,21809.331911
-5,548,21819.775347
-4,528,21829.740532
-5,579,21840.399148
-5,465,21849.230316
-5,734,21863.009946
-5,528,21873.076129
-5,646,21885.235654
-5,625,21897.022156
-5,425,21904.988504
-5,651,21917.226653
-4,609,21928.495033
-5,637,21940.254728
-5,824,21955.517616
-5,469,21964.304451
-5,602,21975.742754
-5,474,21984.61084
-4,664,21996.863585
-5,843,22012.920769
-5,638,22024.585642
-5,531,22034.440914
-5,459,22043.068269
-4,640,22055.077834
-5,556,22065.444423
-5,593,22076.434309
-5,624,22088.130891
-5,744,22102.307222
-5,443,22110.625432
-5,654,22122.849406
-5,451,22131.414934
-5,745,22144.710934
-5,528,22154.490446
-5,604,22165.896106
-5,494,22174.913004
-5,724,22188.450991
-5,428,22196.567261
-5,691,22209.35181
-5,626,22221.122287
-5,584,22232.326901
-5,748,22246.459187
-4,669,22258.960608
-5,548,22269.147103
-4,700,22282.269651
-5,670,22294.728132
-5,682,22307.497454
-4,748,22321.520641
-5,512,22331.412389
-5,531,22341.262729
-5,552,22351.435655
-5,614,22363.086887
-5,854,22378.948987
-5,655,22391.2901
-5,497,22400.533659
-5,704,22413.804494
-5,556,22424.484152
-5,449,22432.975399
-5,791,22447.610081
-5,482,22456.752822
-5,646,22468.853697
-5,451,22477.234555
-5,874,22493.591962
-5,546,22503.690827
-5,615,22515.268172
-5,625,22527.135648
-5,586,22537.894694
-5,418,22545.724148
-5,627,22557.59842
-5,870,22573.80392
-5,583,22584.762902
-5,501,22594.149529
-5,563,22605.027169
-5,538,22615.03151
-5,584,22626.162648
-5,399,22633.76795
-5,543,22643.927444
-4,1050,22663.855706
-5,621,22675.40144
-5,515,22685.22133
-5,683,22697.879932
-5,488,22706.702783
-5,575,22717.730805
-5,725,22731.230678
-5,783,22745.574369
-4,822,22761.040398
-5,399,22768.558933
-5,706,22781.636373
-5,488,22790.520019
-4,718,22804.070995
-5,522,22813.907543
-5,442,22822.167187
-5,600,22833.406599
-5,661,22847.490509
-5,648,22859.525627
-5,531,22869.406503
-5,516,22879.042058
-5,627,22890.355802
-5,607,22901.658936
-5,633,22913.36397
-5,660,22925.57348
-4,719,22938.78848
-5,535,22948.937192
-5,661,22961.279906
-5,443,22969.56653
-4,695,22982.640511
-5,597,22993.721011
-5,1133,23014.838776
-5,460,23023.340808
-4,978,23041.878163
-5,627,23053.351064
-5,446,23061.635433
-5,499,23070.990522
-5,599,23082.437249
-5,497,23091.598586
-5,397,23099.158262
-4,894,23115.320353
-4,894,23131.684104
-5,533,23141.801352
-5,414,23149.451876
-5,480,23158.345655
-4,719,23171.433208
-5,920,23188.612319
-5,473,23197.439204
-3,899,23214.45298
-5,874,23231.208204
-5,613,23242.577138
-5,474,23251.386893
-4,732,23264.875834
-5,620,23276.490509
-5,571,23287.368559
-5,691,23300.192715
-5,492,23309.129192
-5,534,23319.245101
-5,713,23332.630222
-5,572,23343.313621
-5,438,23351.563253
-5,550,23361.7014
-5,481,23370.515685
-5,777,23384.70255
-5,521,23394.304365
-5,545,23404.624613
-5,606,23416.121691
-5,574,23426.832765
-5,746,23440.869367
-4,522,23451.000762
-5,692,23464.273932
-5,562,23474.91012
-5,880,23491.251096
-5,621,23502.799851
-4,897,23519.660738
-5,584,23530.478111
-5,819,23546.02177
-5,674,23559.022064
-5,422,23566.78342
-5,834,23582.62928
-5,721,23596.166509
-5,764,23610.352543
-5,539,23620.403845
-5,681,23632.917806
-5,611,23644.357089
-4,542,23654.652506
-5,1113,23675.640536
-5,831,23691.121852
-5,745,23704.685309
-5,463,23713.255954
-5,849,23728.730712
-5,458,23737.354346
-4,741,23751.369667
-5,435,23759.628243
-5,693,23772.392013
-5,544,23782.761216
-5,528,23792.477225
-4,936,23810.123302
-5,819,23825.591778
-5,472,23834.25523
-5,625,23846.010392
-4,739,23859.844012
-5,513,23869.282475
-5,768,23883.582483
-5,1006,23902.438976
-5,540,23911.943558
-5,430,23919.658769
-5,398,23926.529874
-5,538,23936.1253
